-- phpMyAdmin SQL Dump
-- version 4.5.1
-- http://www.phpmyadmin.net
--
-- Servidor: 127.0.0.1
-- Tiempo de generación: 02-03-2017 a las 08:45:17
-- Versión del servidor: 10.1.19-MariaDB
-- Versión de PHP: 5.6.28

SET SQL_MODE = "NO_AUTO_VALUE_ON_ZERO";
SET time_zone = "+00:00";


/*!40101 SET @OLD_CHARACTER_SET_CLIENT=@@CHARACTER_SET_CLIENT */;
/*!40101 SET @OLD_CHARACTER_SET_RESULTS=@@CHARACTER_SET_RESULTS */;
/*!40101 SET @OLD_COLLATION_CONNECTION=@@COLLATION_CONNECTION */;
/*!40101 SET NAMES utf8mb4 */;

--
-- Base de datos: `airline`
--

-- --------------------------------------------------------

--
-- Estructura de tabla para la tabla `aeropuerto`
--

CREATE TABLE `aeropuerto` (
  `codaer` varchar(3) NOT NULL,
  `nombre` varchar(25) NOT NULL,
  `ciudad` varchar(25) NOT NULL
) ENGINE=InnoDB DEFAULT CHARSET=latin1;

--
-- RELACIONES PARA LA TABLA `aeropuerto`:
--

--
-- Volcado de datos para la tabla `aeropuerto`
--

INSERT INTO `aeropuerto` (`codaer`, `nombre`, `ciudad`) VALUES
('AGP', 'Malaga Costa del Sol', 'Malaga'),
('BCN', 'Barcelona El Prat', 'Barcelona'),
('BIO', 'Aeropuerto de Bilbao', 'Bilbao'),
('CDG', 'Paris Chales de Gaulle', 'Paris - Charles '),
('GRX', 'Granada Garcia Lorca', 'Granada'),
('LGW', 'Londres Gatwick', 'Londres - Gatwick'),
('MAD', 'Madrid Barajas', 'Madrid'),
('ORY', 'Paris Orly', 'Paris - Orly'),
('STN', 'Londres Stansted', 'Londres - Stansted'),
('SVQ', 'Sevilla San Pablo', 'Sevilla'),
('VLC', 'Valencia Manises', 'Valencia'),
('XRY', 'Aeropuerto de Jerez', 'Jerez');

-- --------------------------------------------------------

--
-- Estructura de tabla para la tabla `compra`
--

CREATE TABLE `compra` (
  `ccodvuelo` varchar(6) NOT NULL,
  `cidmaleta` int(4) NOT NULL,
  `cidusuario` int(4) NOT NULL
) ENGINE=InnoDB DEFAULT CHARSET=latin1;

--
-- RELACIONES PARA LA TABLA `compra`:
--   `ccodvuelo`
--       `vuelo` -> `codvuelo`
--   `cidusuario`
--       `usuario` -> `idusuario`
--   `cidmaleta`
--       `equipaje` -> `idmaleta`
--

-- --------------------------------------------------------

--
-- Estructura de tabla para la tabla `equipaje`
--

CREATE TABLE `equipaje` (
  `idmaleta` int(4) NOT NULL,
  `kg` int(3) NOT NULL,
  `tipo` varchar(24) NOT NULL DEFAULT 'bodega'
) ENGINE=InnoDB DEFAULT CHARSET=latin1;

--
-- RELACIONES PARA LA TABLA `equipaje`:
--

-- --------------------------------------------------------

--
-- Estructura de tabla para la tabla `usuario`
--

CREATE TABLE `usuario` (
  `nombre` varchar(15) NOT NULL,
  `apellidos` varchar(20) NOT NULL,
  `tipo` int(1) NOT NULL,
  `idusuario` int(4) NOT NULL,
  `password` varchar(64) NOT NULL,
  `email` varchar(60) NOT NULL
) ENGINE=InnoDB DEFAULT CHARSET=latin1;

--
-- RELACIONES PARA LA TABLA `usuario`:
--

--
-- Volcado de datos para la tabla `usuario`
--

INSERT INTO `usuario` (`nombre`, `apellidos`, `tipo`, `idusuario`, `password`, `email`) VALUES
('Alejandro', 'Administrador', 0, 1, '63a9f0ea7bb98050796b649e85481845', 'administrador@airline.es'),
('Luis', 'J.', 1, 12, '63a9f0ea7bb98050796b649e85481845', 'luis@luis.es'),
('Sergio', 'Jimenez', 1, 13, '63a9f0ea7bb98050796b649e85481845', 'sergio@sergio.es'),
('Andres', 'Martinez Leon', 1, 14, '63a9f0ea7bb98050796b649e85481845', 'andres@andres.es'),
('Paco', 'Pacheco', 1, 16, '63a9f0ea7bb98050796b649e85481845', 'paco@paco.es');

-- --------------------------------------------------------

--
-- Estructura de tabla para la tabla `vuelo`
--

CREATE TABLE `vuelo` (
  `codvuelo` varchar(6) NOT NULL,
  `fecha` date NOT NULL,
  `hora` time NOT NULL,
  `capacidad` int(3) NOT NULL DEFAULT '180',
  `libres` int(3) NOT NULL DEFAULT '180',
  `codaerori` varchar(3) NOT NULL,
  `codaerdes` varchar(3) NOT NULL
) ENGINE=InnoDB DEFAULT CHARSET=latin1;

--
-- RELACIONES PARA LA TABLA `vuelo`:
--   `codaerdes`
--       `aeropuerto` -> `codaer`
--   `codaerori`
--       `aeropuerto` -> `codaer`
--

--
-- Volcado de datos para la tabla `vuelo`
--

INSERT INTO `vuelo` (`codvuelo`, `fecha`, `hora`, `capacidad`, `libres`, `codaerori`, `codaerdes`) VALUES
('AV0000', '2017-12-14', '00:08:00', 180, 180, 'AGP', 'BCN'),
('AV0001', '2017-12-14', '04:00:00', 180, 180, 'AGP', 'BIO'),
('AV0002', '2017-12-14', '09:00:00', 180, 180, 'AGP', 'CDG'),
('AV0003', '2017-12-14', '05:00:00', 180, 180, 'AGP', 'LGW'),
('AV0004', '2017-12-14', '10:00:00', 180, 180, 'AGP', 'MAD'),
('AV0005', '2017-12-14', '07:00:00', 180, 180, 'AGP', 'ORY'),
('AV0006', '2017-12-14', '06:30:00', 180, 180, 'AGP', 'STN'),
('AV0007', '2017-12-14', '07:00:00', 180, 180, 'AGP', 'VLC'),
('AV0008', '2017-11-14', '00:10:00', 180, 180, 'BCN', 'AGP'),
('AV0009', '2017-12-14', '07:00:00', 180, 180, 'BCN', 'BIO'),
('AV0010', '2017-12-14', '12:00:00', 180, 180, 'BCN', 'CDG'),
('AV0011', '2017-12-14', '09:00:00', 180, 180, 'BCN', 'GRX'),
('AV0012', '2017-12-14', '00:30:00', 180, 180, 'BCN', 'LGW'),
('AV0014', '2017-12-14', '07:20:00', 180, 180, 'BCN', 'MAD'),
('AV0015', '2017-12-14', '09:00:00', 180, 180, 'BCN', 'ORY'),
('AV0016', '2017-12-12', '10:00:00', 180, 180, 'BCN', 'STN'),
('AV0017', '2017-12-14', '08:30:00', 180, 180, 'BCN', 'SVQ'),
('AV0018', '2017-12-14', '14:00:00', 180, 180, 'BCN', 'VLC'),
('AV0019', '2017-12-14', '11:00:00', 180, 180, 'BCN', 'XRY'),
('AV0020', '2017-12-14', '00:08:00', 180, 180, 'BIO', 'AGP'),
('AV0021', '2017-12-14', '04:00:00', 180, 180, 'BIO', 'BCN'),
('AV0022', '2017-12-14', '09:00:00', 180, 180, 'BIO', 'CDG'),
('AV0023', '2017-12-14', '05:00:00', 180, 180, 'BIO', 'GRX'),
('AV0024', '2017-12-14', '10:00:00', 180, 180, 'BIO', 'LGW'),
('AV0025', '2017-12-14', '07:00:00', 180, 180, 'BIO', 'MAD'),
('AV0026', '2017-12-14', '06:30:00', 180, 180, 'BIO', 'ORY'),
('AV0027', '2017-12-14', '07:00:00', 180, 180, 'BIO', 'STN'),
('AV0028', '2017-12-14', '00:08:00', 180, 180, 'BIO', 'SVQ'),
('AV0029', '2017-12-14', '04:00:00', 180, 180, 'BIO', 'VLC'),
('AV0030', '2017-12-14', '09:00:00', 180, 180, 'BIO', 'XRY'),
('AV0031', '2017-12-14', '00:08:00', 180, 180, 'CDG', 'AGP'),
('AV0032', '2017-12-14', '04:00:00', 180, 180, 'CDG', 'BCN'),
('AV0033', '2017-12-14', '09:00:00', 180, 180, 'CDG', 'BIO'),
('AV0034', '2017-12-14', '05:00:00', 180, 180, 'CDG', 'GRX'),
('AV0035', '2017-12-14', '10:00:00', 180, 180, 'CDG', 'LGW'),
('AV0036', '2017-12-14', '07:00:00', 180, 180, 'CDG', 'MAD'),
('AV0037', '2017-12-14', '06:30:00', 180, 180, 'CDG', 'ORY'),
('AV0038', '2017-12-14', '07:00:00', 180, 180, 'CDG', 'STN'),
('AV0039', '2017-12-14', '00:08:00', 180, 180, 'CDG', 'SVQ'),
('AV0040', '2017-12-14', '04:00:00', 180, 180, 'CDG', 'VLC'),
('AV0041', '2017-12-14', '09:00:00', 180, 180, 'CDG', 'XRY'),
('AV0042', '2017-12-14', '00:08:00', 180, 180, 'GRX', 'BCN'),
('AV0043', '2017-12-14', '04:00:00', 180, 180, 'GRX', 'BIO'),
('AV0044', '2017-12-14', '09:00:00', 180, 180, 'GRX', 'CDG'),
('AV0045', '2017-12-14', '05:00:00', 180, 180, 'GRX', 'LGW'),
('AV0046', '2017-12-14', '10:00:00', 180, 180, 'GRX', 'MAD'),
('AV0047', '2017-12-14', '07:00:00', 180, 180, 'GRX', 'ORY'),
('AV0048', '2017-12-14', '06:30:00', 180, 180, 'GRX', 'STN'),
('AV0049', '2017-12-14', '07:00:00', 180, 180, 'GRX', 'VLC'),
('AV0050', '2017-12-14', '00:08:00', 180, 180, 'LGW', 'AGP'),
('AV0051', '2017-12-14', '04:00:00', 180, 180, 'LGW', 'BCN'),
('AV0052', '2017-12-14', '09:00:00', 180, 180, 'LGW', 'BIO'),
('AV0053', '2017-12-14', '04:00:00', 180, 180, 'LGW', 'CDG'),
('AV0054', '2017-12-14', '09:00:00', 180, 180, 'LGW', 'GRX'),
('AV0055', '2017-12-14', '04:00:00', 180, 180, 'LGW', 'MAD'),
('AV0056', '2017-12-14', '09:00:00', 180, 180, 'LGW', 'ORY'),
('AV0057', '2017-12-14', '04:00:00', 180, 180, 'LGW', 'STN'),
('AV0058', '2017-12-14', '09:00:00', 180, 180, 'LGW', 'SVQ'),
('AV0059', '2017-12-14', '04:00:00', 180, 180, 'LGW', 'VLC'),
('AV0060', '2017-12-14', '09:00:00', 180, 180, 'LGW', 'XRY'),
('AV0061', '2017-12-14', '00:08:00', 180, 180, 'MAD', 'AGP'),
('AV0062', '2017-12-14', '04:00:00', 180, 180, 'MAD', 'BCN'),
('AV0063', '2017-12-14', '09:00:00', 180, 180, 'MAD', 'BIO'),
('AV0064', '2017-12-14', '04:00:00', 180, 180, 'MAD', 'CDG'),
('AV0065', '2017-12-14', '09:00:00', 180, 180, 'MAD', 'GRX'),
('AV0066', '2017-12-14', '04:00:00', 180, 180, 'MAD', 'LGW'),
('AV0067', '2017-12-14', '09:00:00', 180, 180, 'MAD', 'ORY'),
('AV0068', '2017-12-14', '04:00:00', 180, 180, 'MAD', 'STN'),
('AV0069', '2017-12-14', '09:00:00', 180, 180, 'MAD', 'SVQ'),
('AV0070', '2017-12-14', '04:00:00', 180, 180, 'MAD', 'VLC'),
('AV0071', '2017-12-14', '09:00:00', 180, 180, 'MAD', 'XRY'),
('AV0072', '2017-12-14', '04:00:00', 180, 180, 'ORY', 'AGP'),
('AV0073', '2017-12-14', '09:00:00', 180, 180, 'ORY', 'BCN'),
('AV0074', '2017-12-14', '04:00:00', 180, 180, 'ORY', 'BIO'),
('AV0075', '2017-12-14', '09:00:00', 180, 180, 'ORY', 'GRX'),
('AV0076', '2017-12-14', '04:00:00', 180, 180, 'ORY', 'LGW'),
('AV0077', '2017-12-14', '09:00:00', 180, 180, 'ORY', 'MAD'),
('AV0078', '2017-12-14', '04:00:00', 180, 180, 'ORY', 'STN'),
('AV0079', '2017-12-14', '09:00:00', 180, 180, 'ORY', 'SVQ'),
('AV0080', '2017-12-14', '04:00:00', 180, 180, 'ORY', 'VLC'),
('AV0081', '2017-12-14', '09:00:00', 180, 180, 'ORY', 'XRY'),
('AV0082', '2017-12-14', '04:00:00', 180, 180, 'STN', 'AGP'),
('AV0083', '2017-12-14', '09:00:00', 180, 180, 'STN', 'BCN'),
('AV0084', '2017-12-14', '04:00:00', 180, 180, 'STN', 'BIO'),
('AV0085', '2017-12-14', '09:00:00', 180, 180, 'STN', 'CDG'),
('AV0086', '2017-12-14', '04:00:00', 180, 180, 'STN', 'GRX'),
('AV0087', '2017-12-14', '09:00:00', 180, 180, 'STN', 'MAD'),
('AV0088', '2017-12-14', '04:00:00', 180, 180, 'STN', 'ORY'),
('AV0089', '2017-12-14', '09:00:00', 180, 180, 'STN', 'SVQ'),
('AV0090', '2017-12-14', '04:00:00', 180, 180, 'STN', 'VLC'),
('AV0091', '2017-12-14', '09:00:00', 180, 180, 'STN', 'XRY'),
('AV0092', '2017-12-14', '04:00:00', 180, 180, 'SVQ', 'BCN'),
('AV0093', '2017-12-14', '09:00:00', 180, 180, 'SVQ', 'BCN'),
('AV0094', '2017-12-14', '04:00:00', 180, 180, 'SVQ', 'BIO'),
('AV0095', '2017-12-14', '09:00:00', 180, 180, 'SVQ', 'CDG'),
('AV0096', '2017-12-14', '04:00:00', 180, 180, 'SVQ', 'LGW'),
('AV0097', '2017-12-14', '09:00:00', 180, 180, 'SVQ', 'MAD'),
('AV0098', '2017-12-14', '04:00:00', 180, 180, 'SVQ', 'ORY'),
('AV0099', '2017-12-14', '09:00:00', 180, 180, 'SVQ', 'STN'),
('AV0100', '2017-12-14', '04:00:00', 180, 180, 'SVQ', 'VLC'),
('AV0101', '2017-12-14', '09:00:00', 180, 180, 'VLC', 'AGP');

--
-- Índices para tablas volcadas
--

--
-- Indices de la tabla `aeropuerto`
--
ALTER TABLE `aeropuerto`
  ADD PRIMARY KEY (`codaer`),
  ADD UNIQUE KEY `codaer` (`codaer`);

--
-- Indices de la tabla `compra`
--
ALTER TABLE `compra`
  ADD PRIMARY KEY (`ccodvuelo`,`cidmaleta`,`cidusuario`),
  ADD KEY `cidusuario` (`cidusuario`),
  ADD KEY `cidmaleta` (`cidmaleta`);

--
-- Indices de la tabla `equipaje`
--
ALTER TABLE `equipaje`
  ADD PRIMARY KEY (`idmaleta`);

--
-- Indices de la tabla `usuario`
--
ALTER TABLE `usuario`
  ADD PRIMARY KEY (`idusuario`),
  ADD UNIQUE KEY `email` (`email`);

--
-- Indices de la tabla `vuelo`
--
ALTER TABLE `vuelo`
  ADD PRIMARY KEY (`codaerori`,`codaerdes`,`codvuelo`),
  ADD UNIQUE KEY `codvuelo` (`codvuelo`),
  ADD KEY `codaerdes` (`codaerdes`);

--
-- AUTO_INCREMENT de las tablas volcadas
--

--
-- AUTO_INCREMENT de la tabla `compra`
--
ALTER TABLE `compra`
  MODIFY `cidmaleta` int(4) NOT NULL AUTO_INCREMENT;
--
-- AUTO_INCREMENT de la tabla `equipaje`
--
ALTER TABLE `equipaje`
  MODIFY `idmaleta` int(4) NOT NULL AUTO_INCREMENT;
--
-- AUTO_INCREMENT de la tabla `usuario`
--
ALTER TABLE `usuario`
  MODIFY `idusuario` int(4) NOT NULL AUTO_INCREMENT, AUTO_INCREMENT=18;
--
-- Restricciones para tablas volcadas
--

--
-- Filtros para la tabla `compra`
--
ALTER TABLE `compra`
  ADD CONSTRAINT `compra_ibfk_1` FOREIGN KEY (`ccodvuelo`) REFERENCES `vuelo` (`codvuelo`) ON UPDATE CASCADE,
  ADD CONSTRAINT `compra_ibfk_3` FOREIGN KEY (`cidusuario`) REFERENCES `usuario` (`idusuario`) ON UPDATE CASCADE,
  ADD CONSTRAINT `compra_ibfk_4` FOREIGN KEY (`cidmaleta`) REFERENCES `equipaje` (`idmaleta`) ON UPDATE CASCADE;

--
-- Filtros para la tabla `vuelo`
--
ALTER TABLE `vuelo`
  ADD CONSTRAINT `vuelo_ibfk_1` FOREIGN KEY (`codaerdes`) REFERENCES `aeropuerto` (`codaer`) ON UPDATE CASCADE,
  ADD CONSTRAINT `vuelo_ibfk_2` FOREIGN KEY (`codaerori`) REFERENCES `aeropuerto` (`codaer`) ON UPDATE CASCADE;

/*!40101 SET CHARACTER_SET_CLIENT=@OLD_CHARACTER_SET_CLIENT */;
/*!40101 SET CHARACTER_SET_RESULTS=@OLD_CHARACTER_SET_RESULTS */;
/*!40101 SET COLLATION_CONNECTION=@OLD_COLLATION_CONNECTION */;
